[{"__type__":"cc.SpriteFrame","content":{"name":"bg_jinbishu","texture":"caqvn/UDZCMqiniLgLLkyI","rect":[0,0,40,30],"offset":[0,0],"originalSize":[40,30],"capInsets":[11,0,12,0]}},{"__type__":"cc.SpriteFrame","content":{"name":"circle_2","texture":"ecJE7lbx9JIJtp1N8OeOwt","rect":[0,0,129,130],"offset":[-0.5,0],"originalSize":[130,130],"capInsets":[0,0,0,0]}},{"__type__":"cc.SpriteFrame","content":{"name":"default_btn_disabled","texture":"71VhFCTINJM6/Ky3oX9nBT","rect":[0,0,40,40],"offset":[0,0],"originalSize":[40,40],"capInsets":[12,12,12,12]}},{"__type__":"cc.SpriteFrame","content":{"name":"Stroke_photo_oneself","texture":"2dhqhUY8RLkIuIpDKLhSbC","rect":[0,0,136,135],"offset":[0,0],"originalSize":[136,135],"capInsets":[0,0,0,0]}},{"__type__":"cc.SpriteFrame","content":{"name":"icon_boy","texture":"97pjFsf8tP/pBFNWJbxqv2","rect":[0,0,32,32],"offset":[0,0],"originalSize":[32,32],"capInsets":[0,0,0,0]}},{"__type__":"cc.SpriteFrame","content":{"name":"icon_back","texture":"af4ymm6F5GoJjtijThKJB7","rect":[0,0,33,48],"offset":[0,0],"originalSize":[33,48],"capInsets":[0,0,0,0]}},{"__type__":"cc.SpriteFrame","content":{"name":"icon_gold_big","texture":"266ahnPS9JgYozgtRA3nr/","rect":[0,0,60,56],"offset":[0,0],"originalSize":[60,56],"capInsets":[0,0,0,0]}},{"__type__":"cc.SpriteFrame","content":{"name":"icon_plus","texture":"b2A380BP9DUbnaW+S7VXAX","rect":[0,0,30,30],"offset":[0,0],"originalSize":[30,30],"capInsets":[0,0,0,0]}},{"__type__":"cc.SpriteFrame","content":{"name":"icon_diamond","texture":"502lSG36FG0p1PaG61Unwa","rect":[0,0,61,56],"offset":[0,0],"originalSize":[61,56],"capInsets":[0,0,0,0]}},{"__type__":"cc.SpriteFrame","content":{"name":"icon_back","texture":"2d3+AFISlB2K7sKx9R8Cli","rect":[0,0,33,48],"offset":[0,0],"originalSize":[33,48],"capInsets":[0,0,0,0]}},{"__type__":"cc.SpriteFrame","content":{"name":"icon_set","texture":"0e2M9ujARFaY0XYmom4Qmf","rect":[0,0,59,61],"offset":[0,0],"originalSize":[59,61],"capInsets":[0,0,0,0]}},{"__type__":"cc.SpriteFrame","content":{"name":"default_progressbar","texture":"cf73jxyN9Jt47QTJU6ziYh","rect":[0,0,30,15],"offset":[0,0],"originalSize":[30,15],"capInsets":[10,4,10,4]}},{"__type__":"cc.SpriteFrame","content":{"name":"bg_xiamian","texture":"83zCCG1xNHoI2GqNYGi2JY","rect":[0,0,665,122],"offset":[0,0],"originalSize":[665,122],"capInsets":[0,0,0,0]}},{"__type__":"cc.SpriteFrame","content":{"name":"gb_inputbox","texture":"c3nqSWlutNxZRa58kZt3wh","rect":[0,0,54,81],"offset":[0,0],"originalSize":[54,81],"capInsets":[12,11,12,11]}},{"__type__":"cc.SpriteFrame","content":{"name":"button_zbc","texture":"2aQOXnTEpDUJ5ddnV3Vc3S","rect":[0,0,432,155],"offset":[0,0],"originalSize":[432,155],"capInsets":[0,0,0,0]}},{"__type__":"cc.SpriteFrame","content":{"name":"default_progressbar_bg","texture":"99FwsL0hBG8bITfZ4/IwmK","rect":[0,0,60,15],"offset":[0,0],"originalSize":[60,15],"capInsets":[10,4,10,4]}},[{"__type__":"cc.SceneAsset","_name":"menu","scene":{"__id__":1},"asyncLoadAssets":null},{"__type__":"cc.Scene","_name":"New Node","_children":[{"__id__":2},{"__id__":30}],"_anchorPoint":{"__type__":"cc.Vec2"},"_scale":{"__type__":"cc.Vec3","x":0.38536203629210936,"y":0.38536203629210936,"z":1},"_trs":{"__type__":"TypedArray","ctor":"Float32Array","array":[0,0,0,0,0,0,1,1,1,1]},"autoReleaseAssets":false},{"__type__":"cc.Node","_name":"Canvas","_parent":{"__id__":1},"_children":[{"__id__":3},{"__id__":4},{"__id__":5},{"__id__":7},{"__id__":10},{"__id__":28},{"__id__":45}],"_components":[{"__type__":"cc.Canvas","node":{"__id__":2},"_designResolution":{"__type__":"cc.Size","width":1334,"height":750}},{"__type__":"e390cpl5vpL54CRkH0xI8Ul","node":{"__id__":2},"panel":{"__id__":74},"manifestUrl":{"__uuid__":"41KLeLAK5Niq41Tlylxc3p"},"updateUI":{"__id__":45}}],"_contentSize":{"__type__":"cc.Size","width":1334,"height":750},"_trs":{"__type__":"TypedArray","ctor":"Float32Array","array":[667,375,0,0,0,0,1,1,1,1]},"_id":"aa2f6rtn5pHHZr289ji53Oy"},{"__type__":"cc.Node","_name":"Main Camera","_parent":{"__id__":2},"_components":[{"__type__":"cc.Camera","node":{"__id__":3},"_clearFlags":3,"_depth":-1}],"_trs":{"__type__":"TypedArray","ctor":"Float32Array","array":[0,0,291.8505554199219,0,0,0,1,1,1,1]}},{"__type__":"cc.Node","_name":"bg","_parent":{"__id__":2},"_components":[{"__type__":"cc.Sprite","node":{"__id__":4},"_materials":[{"__uuid__":"ecpdLyjvZBwrvm+cedCcQy"}],"_spriteFrame":{"__uuid__":"a22nm+/iJCCoO143h4NnsG"}},{"__type__":"cc.Widget","node":{"__id__":4},"alignMode":0,"_alignFlags":45,"_originalWidth":1334,"_originalHeight":750}],"_contentSize":{"__type__":"cc.Size","width":1334,"height":750},"_trs":{"__type__":"TypedArray","ctor":"Float32Array","array":[0,0,0,0,0,0,1,1,1,1]}},{"__type__":"cc.Node","_name":"btnBack","_parent":{"__id__":2},"_children":[{"__id__":6}],"_components":[{"__type__":"cc.Widget","node":{"__id__":5},"alignMode":0,"_alignFlags":9,"_left":30},{"__type__":"cc.Sprite","node":{"__id__":5},"_materials":[{"__uuid__":"ecpdLyjvZBwrvm+cedCcQy"}],"_spriteFrame":{"__uuid__":"efDpLYbbNOAaHwWYi/crTs"},"_type":1},{"__type__":"cc.Button","node":{"__id__":5},"_N$transition":1,"transition":1,"_N$pressedColor":{"__type__":"cc.Color","r":255,"g":255,"b":255},"pressedColor":{"__type__":"cc.Color","r":255,"g":255,"b":255},"_N$disabledColor":{"__type__":"cc.Color","r":187,"g":180,"b":180},"_N$normalSprite":{"__uuid__":"f0BIwQ8D5Ml7nTNQbh1YlS"},"_N$pressedSprite":{"__uuid__":"e97GVMl6JHh5Ml5qEDdSGa"},"pressedSprite":{"__uuid__":"e97GVMl6JHh5Ml5qEDdSGa"},"_N$hoverSprite":{"__uuid__":"e97GVMl6JHh5Ml5qEDdSGa"},"hoverSprite":{"__uuid__":"e97GVMl6JHh5Ml5qEDdSGa"},"_N$disabledSprite":{"__uuid__":"29FYIk+N1GYaeWH/q1NxQO"},"_N$target":{"__id__":5}},{"__type__":"a171dSnCXFMRIqs1IWdvgWM","node":{"__id__":5},"pressedScale":0.8,"transDuration":0.1}],"_contentSize":{"__type__":"cc.Size","width":84,"height":64},"_anchorPoint":{"__type__":"cc.Vec2","x":0.5,"y":1},"_trs":{"__type__":"TypedArray","ctor":"Float32Array","array":[-595,375,0,0,0,0,1,1,1,1]}},{"__type__":"cc.Node","_name":"icon_back","_parent":{"__id__":5},"_components":[{"__type__":"cc.Sprite","node":{"__id__":6},"_materials":[{"__uuid__":"ecpdLyjvZBwrvm+cedCcQy"}],"_spriteFrame":{"__uuid__":"413CCm1gpPVYVOhg0q1jSL"}}],"_contentSize":{"__type__":"cc.Size","width":33,"height":48},"_trs":{"__type__":"TypedArray","ctor":"Float32Array","array":[0,-25,0,0,0,0,1,1,1,1]}},{"__type__":"cc.Node","_name":"btnMsg","_parent":{"__id__":2},"_children":[{"__id__":8},{"__id__":9}],"_components":[{"__type__":"cc.Widget","node":{"__id__":7},"alignMode":0,"_alignFlags":33,"_left":30,"_right":30,"_originalWidth":84},{"__type__":"cc.Sprite","node":{"__id__":7},"_materials":[{"__uuid__":"ecpdLyjvZBwrvm+cedCcQy"}],"_spriteFrame":{"__uuid__":"efDpLYbbNOAaHwWYi/crTs"},"_type":1},{"__type__":"cc.Button","node":{"__id__":7},"clickEvents":[{"__type__":"cc.ClickEvent","target":{"__id__":2},"component":"HotUpdate","handler":"show"}],"_N$transition":1,"transition":1,"_N$pressedColor":{"__type__":"cc.Color","r":255,"g":255,"b":255},"pressedColor":{"__type__":"cc.Color","r":255,"g":255,"b":255},"_N$disabledColor":{"__type__":"cc.Color","r":187,"g":180,"b":180},"_N$normalSprite":{"__uuid__":"f0BIwQ8D5Ml7nTNQbh1YlS"},"_N$pressedSprite":{"__uuid__":"e97GVMl6JHh5Ml5qEDdSGa"},"pressedSprite":{"__uuid__":"e97GVMl6JHh5Ml5qEDdSGa"},"_N$hoverSprite":{"__uuid__":"e97GVMl6JHh5Ml5qEDdSGa"},"hoverSprite":{"__uuid__":"e97GVMl6JHh5Ml5qEDdSGa"},"_N$disabledSprite":{"__uuid__":"29FYIk+N1GYaeWH/q1NxQO"},"_N$target":{"__id__":7}},{"__type__":"a171dSnCXFMRIqs1IWdvgWM","node":{"__id__":7},"pressedScale":0.8,"transDuration":0.1}],"_contentSize":{"__type__":"cc.Size","width":84,"height":64},"_anchorPoint":{"__type__":"cc.Vec2","x":0.5,"y":1},"_trs":{"__type__":"TypedArray","ctor":"Float32Array","array":[595,375,0,0,0,0,1,1,1,1]}},{"__type__":"cc.Node","_name":"icon_back","_parent":{"__id__":7},"_components":[{"__type__":"cc.Sprite","node":{"__id__":8},"_materials":[{"__uuid__":"ecpdLyjvZBwrvm+cedCcQy"}],"_spriteFrame":{"__uuid__":"31051rd4RCarG7NwSS8NX2"}}],"_contentSize":{"__type__":"cc.Size","width":32,"height":32},"_trs":{"__type__":"TypedArray","ctor":"Float32Array","array":[0,-36.099998474121094,0,0,0,0.3826834261417389,0.9238795042037964,1,1,1]},"_eulerAngles":{"__type__":"cc.Vec3","z":45}},{"__type__":"cc.Node","_name":"New Label","_parent":{"__id__":7},"_components":[{"__type__":"cc.Label","node":{"__id__":9},"_materials":[{"__uuid__":"ecpdLyjvZBwrvm+cedCcQy"}],"_useOriginalSize":false,"_string":"Update","_N$string":"Update","_fontSize":20,"_N$horizontalAlign":1,"_N$verticalAlign":1}],"_contentSize":{"__type__":"cc.Size","width":64.49,"height":50.4},"_trs":{"__type__":"TypedArray","ctor":"Float32Array","array":[-0.20000000298023224,-14.199999809265137,0,0,0,0,1,1,1,1]}},{"__type__":"cc.Node","_name":"bottom","_parent":{"__id__":2},"_children":[{"__id__":11},{"__id__":12},{"__id__":13},{"__id__":18},{"__id__":23},{"__id__":24},{"__id__":25},{"__id__":27}],"_components":[{"__type__":"cc.Widget","node":{"__id__":10},"alignMode":0,"_alignFlags":45}],"_contentSize":{"__type__":"cc.Size","width":1334,"height":750},"_trs":{"__type__":"TypedArray","ctor":"Float32Array","array":[0,0,0,0,0,0,1,1,1,1]}},{"__type__":"cc.Node","_name":"bottom_right","_parent":{"__id__":10},"_components":[{"__type__":"cc.Sprite","node":{"__id__":11},"_materials":[{"__uuid__":"ecpdLyjvZBwrvm+cedCcQy"}],"_spriteFrame":{"__uuid__":"7a7hhmAdtBqq/p5KeR3vaq"},"_sizeMode":0},{"__type__":"cc.Widget","node":{"__id__":11},"alignMode":0,"_alignFlags":44,"_left":0.5000000000757723,"_right":-7.577227734145708e-11,"_isAbsLeft":false,"_originalWidth":665}],"_contentSize":{"__type__":"cc.Size","width":666.9999998989955,"height":122},"_trs":{"__type__":"TypedArray","ctor":"Float32Array","array":[333.5,-314,0,0,0,0,1,1,1,1]}},{"__type__":"cc.Node","_name":"bottom_left","_parent":{"__id__":10},"_components":[{"__type__":"cc.Sprite","node":{"__id__":12},"_materials":[{"__uuid__":"ecpdLyjvZBwrvm+cedCcQy"}],"_spriteFrame":{"__uuid__":"7a7hhmAdtBqq/p5KeR3vaq"},"_sizeMode":0},{"__type__":"cc.Widget","node":{"__id__":12},"alignMode":0,"_alignFlags":44,"_left":7.577227734145708e-11,"_right":0.4999999999242277,"_isAbsRight":false,"_originalWidth":665}],"_contentSize":{"__type__":"cc.Size","width":667.0000001010045,"height":122},"_trs":{"__type__":"TypedArray","ctor":"Float32Array","array":[-333.5,-314,0,0,0,0,1,-1,1,1]}},{"__type__":"cc.Node","_name":"diamond","_parent":{"__id__":10},"_children":[{"__id__":14},{"__id__":15},{"__id__":16},{"__id__":17}],"_components":[{"__type__":"cc.Button","node":{"__id__":13},"_N$pressedColor":{"__type__":"cc.Color","r":255,"g":255,"b":255},"pressedColor":{"__type__":"cc.Color","r":255,"g":255,"b":255},"_N$disabledColor":{"__type__":"cc.Color","r":255,"g":255,"b":255},"_N$target":{"__id__":13}},{"__type__":"cc.Widget","node":{"__id__":13},"alignMode":0,"_alignFlags":12,"_left":50,"_bottom":30},{"__type__":"a171dSnCXFMRIqs1IWdvgWM","node":{"__id__":13},"pressedScale":0.85,"transDuration":0.1}],"_contentSize":{"__type__":"cc.Size","width":215,"height":50},"_trs":{"__type__":"TypedArray","ctor":"Float32Array","array":[-509.5,-320,0,0,0,0,1,1,1,1]}},{"__type__":"cc.Node","_name":"bg","_parent":{"__id__":13},"_components":[{"__type__":"cc.Sprite","node":{"__id__":14},"_materials":[{"__uuid__":"ecpdLyjvZBwrvm+cedCcQy"}],"_spriteFrame":{"__uuid__":"d1kzAXyEVJLapyv3HXtIcm"},"_type":1,"_sizeMode":0}],"_contentSize":{"__type__":"cc.Size","width":180,"height":42},"_trs":{"__type__":"TypedArray","ctor":"Float32Array","array":[0,0,0,0,0,0,1,1,1,1]}},{"__type__":"cc.Node","_name":"icon_diamond","_parent":{"__id__":13},"_components":[{"__type__":"cc.Sprite","node":{"__id__":15},"_materials":[{"__uuid__":"ecpdLyjvZBwrvm+cedCcQy"}],"_spriteFrame":{"__uuid__":"5aftkBvcFII4sN0tuNRQbq"}}],"_contentSize":{"__type__":"cc.Size","width":61,"height":56},"_trs":{"__type__":"TypedArray","ctor":"Float32Array","array":[-86,0,0,0,0,0,1,1,1,1]}},{"__type__":"cc.Node","_name":"icon_plus","_parent":{"__id__":13},"_components":[{"__type__":"cc.Sprite","node":{"__id__":16},"_materials":[{"__uuid__":"ecpdLyjvZBwrvm+cedCcQy"}],"_spriteFrame":{"__uuid__":"57F8d8Zd5CMpcUsMZj33ON"}}],"_contentSize":{"__type__":"cc.Size","width":30,"height":30},"_trs":{"__type__":"TypedArray","ctor":"Float32Array","array":[65,0,0,0,0,0,1,1,1,1]}},{"__type__":"cc.Node","_name":"num","_parent":{"__id__":13},"_components":[{"__type__":"cc.Label","node":{"__id__":17},"_materials":[{"__uuid__":"ecpdLyjvZBwrvm+cedCcQy"}],"_useOriginalSize":false,"_string":"999999\n","_N$string":"999999\n","_fontSize":25,"_N$horizontalAlign":1,"_N$verticalAlign":1}],"_contentSize":{"__type__":"cc.Size","width":83.42,"height":90.4},"_trs":{"__type__":"TypedArray","ctor":"Float32Array","array":[0,0,0,0,0,0,1,1,1,1]}},{"__type__":"cc.Node","_name":"gold","_parent":{"__id__":10},"_children":[{"__id__":19},{"__id__":20},{"__id__":21},{"__id__":22}],"_components":[{"__type__":"cc.Button","node":{"__id__":18},"_N$pressedColor":{"__type__":"cc.Color","r":255,"g":255,"b":255},"pressedColor":{"__type__":"cc.Color","r":255,"g":255,"b":255},"_N$disabledColor":{"__type__":"cc.Color","r":255,"g":255,"b":255},"_N$target":{"__id__":18}},{"__type__":"cc.Widget","node":{"__id__":18},"alignMode":0,"_alignFlags":12,"_left":280,"_right":0.5999999998106545,"_bottom":30,"_isAbsRight":false},{"__type__":"a171dSnCXFMRIqs1IWdvgWM","node":{"__id__":18},"pressedScale":0.8,"transDuration":0.1}],"_contentSize":{"__type__":"cc.Size","width":215,"height":50},"_trs":{"__type__":"TypedArray","ctor":"Float32Array","array":[-279.5,-320,0,0,0,0,1,1,1,1]}},{"__type__":"cc.Node","_name":"bg","_parent":{"__id__":18},"_components":[{"__type__":"cc.Sprite","node":{"__id__":19},"_materials":[{"__uuid__":"ecpdLyjvZBwrvm+cedCcQy"}],"_spriteFrame":{"__uuid__":"d1kzAXyEVJLapyv3HXtIcm"},"_type":1,"_sizeMode":0}],"_contentSize":{"__type__":"cc.Size","width":180,"height":42},"_trs":{"__type__":"TypedArray","ctor":"Float32Array","array":[0,0,0,0,0,0,1,1,1,1]}},{"__type__":"cc.Node","_name":"icon_gold","_parent":{"__id__":18},"_components":[{"__type__":"cc.Sprite","node":{"__id__":20},"_materials":[{"__uuid__":"ecpdLyjvZBwrvm+cedCcQy"}],"_spriteFrame":{"__uuid__":"450PiT97dMhIvZ3WQJ7G3p"}}],"_contentSize":{"__type__":"cc.Size","width":60,"height":56},"_trs":{"__type__":"TypedArray","ctor":"Float32Array","array":[-86,0,0,0,0,0,1,1,1,1]}},{"__type__":"cc.Node","_name":"icon_plus","_parent":{"__id__":18},"_components":[{"__type__":"cc.Sprite","node":{"__id__":21},"_materials":[{"__uuid__":"ecpdLyjvZBwrvm+cedCcQy"}],"_spriteFrame":{"__uuid__":"57F8d8Zd5CMpcUsMZj33ON"}}],"_contentSize":{"__type__":"cc.Size","width":30,"height":30},"_trs":{"__type__":"TypedArray","ctor":"Float32Array","array":[65,0,0,0,0,0,1,1,1,1]}},{"__type__":"cc.Node","_name":"num","_parent":{"__id__":18},"_components":[{"__type__":"cc.Label","node":{"__id__":22},"_materials":[{"__uuid__":"ecpdLyjvZBwrvm+cedCcQy"}],"_useOriginalSize":false,"_string":"999999\n","_N$string":"999999\n","_fontSize":25,"_N$horizontalAlign":1,"_N$verticalAlign":1}],"_contentSize":{"__type__":"cc.Size","width":83.42,"height":90.4},"_trs":{"__type__":"TypedArray","ctor":"Float32Array","array":[0,0,0,0,0,0,1,1,1,1]}},{"__type__":"cc.Node","_name":"btnRule","_parent":{"__id__":10},"_components":[{"__type__":"cc.Sprite","node":{"__id__":23},"_materials":[{"__uuid__":"ecpdLyjvZBwrvm+cedCcQy"}],"_spriteFrame":{"__uuid__":"c20POSKPtHp6r5r0DnX0DT"}},{"__type__":"cc.Widget","node":{"__id__":23},"alignMode":0,"_alignFlags":36,"_right":0.49999999984845545,"_bottom":30,"_isAbsRight":false},{"__type__":"cc.Button","node":{"__id__":23},"_N$pressedColor":{"__type__":"cc.Color","r":255,"g":255,"b":255},"pressedColor":{"__type__":"cc.Color","r":255,"g":255,"b":255},"_N$disabledColor":{"__type__":"cc.Color","r":255,"g":255,"b":255},"_N$target":{"__id__":23}},{"__type__":"a171dSnCXFMRIqs1IWdvgWM","node":{"__id__":23},"pressedScale":0.8,"transDuration":0.1}],"_contentSize":{"__type__":"cc.Size","width":53,"height":61},"_trs":{"__type__":"TypedArray","ctor":"Float32Array","array":[-26.5,-314.5,0,0,0,0,1,1,1,1]}},{"__type__":"cc.Node","_name":"btnSetting","_parent":{"__id__":10},"_components":[{"__type__":"cc.Sprite","node":{"__id__":24},"_materials":[{"__uuid__":"ecpdLyjvZBwrvm+cedCcQy"}],"_spriteFrame":{"__uuid__":"67nkSrGW9KU5z6ypunyLpD"}},{"__type__":"cc.Widget","node":{"__id__":24},"alignMode":0,"_alignFlags":12,"_left":0.5500000000567582,"_bottom":30,"_isAbsLeft":false},{"__type__":"cc.Button","node":{"__id__":24},"_N$pressedColor":{"__type__":"cc.Color","r":255,"g":255,"b":255},"pressedColor":{"__type__":"cc.Color","r":255,"g":255,"b":255},"_N$disabledColor":{"__type__":"cc.Color","r":255,"g":255,"b":255},"_N$target":{"__id__":24}},{"__type__":"a171dSnCXFMRIqs1IWdvgWM","node":{"__id__":24},"pressedScale":0.8,"transDuration":0.1}],"_contentSize":{"__type__":"cc.Size","width":59,"height":61},"_trs":{"__type__":"TypedArray","ctor":"Float32Array","array":[96.19999694824219,-314.5,0,0,0,0,1,1,1,1]}},{"__type__":"cc.Node","_name":"userPhoto","_parent":{"__id__":10},"_children":[{"__id__":26}],"_components":[{"__type__":"cc.Sprite","node":{"__id__":25},"_materials":[{"__uuid__":"ecpdLyjvZBwrvm+cedCcQy"}],"_spriteFrame":{"__uuid__":"11yLJ+KaBML6wxA6LleTt8"}},{"__type__":"cc.Widget","node":{"__id__":25},"alignMode":0,"_alignFlags":36,"_right":30,"_bottom":25}],"_contentSize":{"__type__":"cc.Size","width":129,"height":130},"_trs":{"__type__":"TypedArray","ctor":"Float32Array","array":[572.5,-285,0,0,0,0,1,1,1,1]}},{"__type__":"cc.Node","_name":"photoFrame","_parent":{"__id__":25},"_components":[{"__type__":"cc.Sprite","node":{"__id__":26},"_materials":[{"__uuid__":"ecpdLyjvZBwrvm+cedCcQy"}],"_spriteFrame":{"__uuid__":"2emy3AZbRE5bYk1h2p7hCV"},"_sizeMode":0}],"_contentSize":{"__type__":"cc.Size","width":143,"height":142},"_trs":{"__type__":"TypedArray","ctor":"Float32Array","array":[3,-3,0,0,0,0,1,1,1,1]}},{"__type__":"cc.Node","_name":"userName","_parent":{"__id__":10},"_components":[{"__type__":"cc.Label","node":{"__id__":27},"_materials":[{"__uuid__":"ecpdLyjvZBwrvm+cedCcQy"}],"_useOriginalSize":false,"_string":"凹凸曼","_N$string":"凹凸曼","_N$horizontalAlign":2,"_N$verticalAlign":1},{"__type__":"cc.Widget","node":{"__id__":27},"alignMode":0,"_alignFlags":36,"_right":179.99999999999994,"_bottom":30}],"_contentSize":{"__type__":"cc.Size","width":120,"height":50.4},"_anchorPoint":{"__type__":"cc.Vec2","x":1,"y":0.5},"_trs":{"__type__":"TypedArray","ctor":"Float32Array","array":[487,-319.79998779296875,0,0,0,0,1,1,1,1]}},{"__type__":"cc.Node","_name":"center","_parent":{"__id__":2},"_children":[{"__id__":29},{"__id__":43},{"__id__":44},{"__id__":35}],"_components":[{"__type__":"cc.Widget","node":{"__id__":28},"alignMode":0,"_alignFlags":45}],"_contentSize":{"__type__":"cc.Size","width":1334,"height":750},"_trs":{"__type__":"TypedArray","ctor":"Float32Array","array":[0,0,0,0,0,0,1,1,1,1]}},{"__type__":"cc.Node","_name":"btnQuickStart","_parent":{"__id__":28},"_components":[{"__type__":"cc.Widget","node":{"__id__":29},"alignMode":0,"_alignFlags":8,"_left":0.55,"_isAbsLeft":false},{"__type__":"cc.Sprite","node":{"__id__":29},"_materials":[{"__uuid__":"ecpdLyjvZBwrvm+cedCcQy"}],"_spriteFrame":{"__uuid__":"d5iFnbamRIm6ocaD5fmmRr"}},{"__type__":"cc.Button","node":{"__id__":29},"clickEvents":[{"__type__":"cc.ClickEvent","target":{"__id__":30},"component":"Menu","handler":"playGame"}],"_N$transition":1,"transition":1,"_N$pressedColor":{"__type__":"cc.Color","r":255,"g":255,"b":255},"pressedColor":{"__type__":"cc.Color","r":255,"g":255,"b":255},"_N$disabledColor":{"__type__":"cc.Color","r":255,"g":255,"b":255},"_N$normalSprite":{"__uuid__":"f0BIwQ8D5Ml7nTNQbh1YlS"},"_N$pressedSprite":{"__uuid__":"e97GVMl6JHh5Ml5qEDdSGa"},"pressedSprite":{"__uuid__":"e97GVMl6JHh5Ml5qEDdSGa"},"_N$hoverSprite":{"__uuid__":"e97GVMl6JHh5Ml5qEDdSGa"},"hoverSprite":{"__uuid__":"e97GVMl6JHh5Ml5qEDdSGa"},"_N$disabledSprite":{"__uuid__":"29FYIk+N1GYaeWH/q1NxQO"},"_N$target":{"__id__":29}},{"__type__":"a171dSnCXFMRIqs1IWdvgWM","node":{"__id__":29},"pressedScale":0.85,"transDuration":0.1}],"_contentSize":{"__type__":"cc.Size","width":433,"height":155},"_trs":{"__type__":"TypedArray","ctor":"Float32Array","array":[283.20001220703125,200,0,0,0,0,1,1,1,1]}},{"__type__":"cc.Node","_name":"Menu","_parent":{"__id__":1},"_children":[{"__id__":31},{"__id__":32}],"_components":[{"__type__":"20f60m+3RlGO7x2/ARzZ6Qc","node":{"__id__":30},"audioMng":{"__id__":31}}],"_trs":{"__type__":"TypedArray","ctor":"Float32Array","array":[667,375,0,0,0,0,1,1,1,1]},"_id":"4eda7IeQaJFc46XJj4Ffyk4"},{"__type__":"cc.Node","_name":"AudioMng","_parent":{"__id__":30},"_components":[{"__type__":"01ca4tStvVH+JmZ5TNcmuAu","node":{"__id__":31},"buttonAudio":{"__uuid__":"9eKuUH+uVFEZQL8uRvgbeQ"},"bgm":{"__uuid__":"49U5ywOJNFmrMQfMG39tM1"}}],"_trs":{"__type__":"TypedArray","ctor":"Float32Array","array":[0,0,0,0,0,0,1,1,1,1]}},{"__type__":"cc.Node","_name":"RankList","_parent":{"__id__":30},"_components":[{"__type__":"fe3fcIxCFFLrKHg6s5+xRUU","node":{"__id__":32},"scrollView":{"__id__":33},"prefabRankItem":{"__uuid__":"3ffW8Ujj9DLKU3CcjH4Dt2"},"rankCount":6}],"_trs":{"__type__":"TypedArray","ctor":"Float32Array","array":[0,0,0,0,0,0,1,1,1,1]}},{"__type__":"cc.ScrollView","node":{"__id__":34},"horizontal":false,"bounceDuration":0.3,"_N$content":{"__id__":38},"content":{"__id__":38},"_N$horizontalScrollBar":null,"_N$verticalScrollBar":{"__id__":42}},{"__type__":"cc.Node","_name":"scrollView","_parent":{"__id__":35},"_children":[{"__id__":37},{"__id__":39}],"_components":[{"__id__":33}],"_contentSize":{"__type__":"cc.Size","width":504,"height":400},"_trs":{"__type__":"TypedArray","ctor":"Float32Array","array":[0,-22,0,0,0,0,1,1,1,1]}},{"__type__":"cc.Node","_name":"rankList","_parent":{"__id__":28},"_children":[{"__id__":36},{"__id__":34}],"_components":[{"__type__":"cc.Widget","node":{"__id__":35},"alignMode":0,"_alignFlags":32,"_right":0.52,"_isAbsRight":false},{"__type__":"cc.Sprite","node":{"__id__":35},"_materials":[{"__uuid__":"ecpdLyjvZBwrvm+cedCcQy"}],"_spriteFrame":{"__uuid__":"cafdc9UmpMhZcC61HpO52Z"},"_type":1,"_sizeMode":0}],"_color":{"__type__":"cc.Color","r":184,"g":184,"b":184},"_contentSize":{"__type__":"cc.Size","width":504,"height":500},"_trs":{"__type__":"TypedArray","ctor":"Float32Array","array":[-278.67999267578125,31,0,0,0,0,1,1,1,1]}},{"__type__":"cc.Node","_name":"rankinglist_title","_parent":{"__id__":35},"_components":[{"__type__":"cc.Sprite","node":{"__id__":36},"_materials":[{"__uuid__":"ecpdLyjvZBwrvm+cedCcQy"}],"_spriteFrame":{"__uuid__":"a8sHzPEydJMbIa0yfNDizc"}}],"_contentSize":{"__type__":"cc.Size","width":128,"height":32},"_trs":{"__type__":"TypedArray","ctor":"Float32Array","array":[-159,213,0,0,0,0,1,1,1,1]}},{"__type__":"cc.Node","_name":"view","_parent":{"__id__":34},"_children":[{"__id__":38}],"_components":[{"__type__":"cc.Mask","node":{"__id__":37},"_materials":[{"__uuid__":"ecpdLyjvZBwrvm+cedCcQy"}],"_N$alphaThreshold":1}],"_contentSize":{"__type__":"cc.Size","width":500,"height":400},"_trs":{"__type__":"TypedArray","ctor":"Float32Array","array":[0,0,0,0,0,0,1,1,1,1]}},{"__type__":"cc.Node","_name":"content","_parent":{"__id__":37},"_components":[{"__type__":"cc.Layout","node":{"__id__":38},"_layoutSize":{"__type__":"cc.Size","width":500,"height":18},"_N$layoutType":2,"_N$spacingY":2},{"__type__":"cc.Widget","node":{"__id__":38},"alignMode":0,"_alignFlags":40,"_originalWidth":500}],"_contentSize":{"__type__":"cc.Size","width":500,"height":18},"_anchorPoint":{"__type__":"cc.Vec2","x":0.5,"y":1},"_trs":{"__type__":"TypedArray","ctor":"Float32Array","array":[0,200,0,0,0,0,1,1,1,1]}},{"__type__":"cc.Node","_name":"scrollbar","_parent":{"__id__":34},"_children":[{"__id__":40}],"_components":[{"__type__":"cc.Sprite","node":{"__id__":39},"_materials":[{"__uuid__":"ecpdLyjvZBwrvm+cedCcQy"}],"_spriteFrame":{"__uuid__":"8855/VlrRKd6H0MSRnFxAU"},"_sizeMode":0},{"__id__":42}],"_contentSize":{"__type__":"cc.Size","width":20,"height":400},"_trs":{"__type__":"TypedArray","ctor":"Float32Array","array":[235,-1,0,0,0,0,1,1,1,1]}},{"__type__":"cc.Node","_name":"bar","_parent":{"__id__":39},"_components":[{"__id__":41}],"_contentSize":{"__type__":"cc.Size","width":20,"height":380},"_trs":{"__type__":"TypedArray","ctor":"Float32Array","array":[0,0,0,0,0,0,1,1,1,1]}},{"__type__":"cc.Sprite","node":{"__id__":40},"_materials":[{"__uuid__":"ecpdLyjvZBwrvm+cedCcQy"}],"_spriteFrame":{"__uuid__":"675ovJ2tVK2aLYfgPUWOMv"},"_type":1,"_sizeMode":0},{"__type__":"cc.Scrollbar","node":{"__id__":39},"_scrollView":{"__id__":33},"_N$handle":{"__id__":41},"_N$direction":1},{"__type__":"cc.Node","_name":"btnAdvance","_parent":{"__id__":28},"_components":[{"__type__":"cc.Widget","node":{"__id__":43},"alignMode":0,"_alignFlags":8,"_left":0.55,"_isAbsLeft":false},{"__type__":"cc.Sprite","node":{"__id__":43},"_materials":[{"__uuid__":"ecpdLyjvZBwrvm+cedCcQy"}],"_spriteFrame":{"__uuid__":"93V1DuKiVNYKEPBrMADiir"}},{"__type__":"cc.Button","node":{"__id__":43},"clickEvents":[{"__type__":"cc.ClickEvent","target":{"__id__":30},"component":"Menu","handler":"playGame"}],"_N$pressedColor":{"__type__":"cc.Color","r":255,"g":255,"b":255},"pressedColor":{"__type__":"cc.Color","r":255,"g":255,"b":255},"_N$disabledColor":{"__type__":"cc.Color","r":255,"g":255,"b":255},"_N$normalSprite":{"__uuid__":"f0BIwQ8D5Ml7nTNQbh1YlS"},"_N$pressedSprite":{"__uuid__":"e97GVMl6JHh5Ml5qEDdSGa"},"pressedSprite":{"__uuid__":"e97GVMl6JHh5Ml5qEDdSGa"},"_N$hoverSprite":{"__uuid__":"e97GVMl6JHh5Ml5qEDdSGa"},"hoverSprite":{"__uuid__":"e97GVMl6JHh5Ml5qEDdSGa"},"_N$disabledSprite":{"__uuid__":"29FYIk+N1GYaeWH/q1NxQO"},"_N$target":{"__id__":43}},{"__type__":"a171dSnCXFMRIqs1IWdvgWM","node":{"__id__":43},"pressedScale":0.85,"transDuration":0.1}],"_contentSize":{"__type__":"cc.Size","width":433,"height":160},"_trs":{"__type__":"TypedArray","ctor":"Float32Array","array":[283.20001220703125,30,0,0,0,0,1,1,1,1]}},{"__type__":"cc.Node","_name":"btnTournament","_parent":{"__id__":28},"_components":[{"__type__":"cc.Widget","node":{"__id__":44},"alignMode":0,"_alignFlags":8,"_left":0.55,"_isAbsLeft":false},{"__type__":"cc.Sprite","node":{"__id__":44},"_materials":[{"__uuid__":"ecpdLyjvZBwrvm+cedCcQy"}],"_spriteFrame":{"__uuid__":"7d4k6EIb1DS4yisDHcu0OO"}},{"__type__":"cc.Button","node":{"__id__":44},"clickEvents":[{"__type__":"cc.ClickEvent","target":{"__id__":30},"component":"Menu","handler":"playGame"}],"_N$pressedColor":{"__type__":"cc.Color","r":255,"g":255,"b":255},"pressedColor":{"__type__":"cc.Color","r":255,"g":255,"b":255},"_N$disabledColor":{"__type__":"cc.Color","r":255,"g":255,"b":255},"_N$normalSprite":{"__uuid__":"f0BIwQ8D5Ml7nTNQbh1YlS"},"_N$pressedSprite":{"__uuid__":"e97GVMl6JHh5Ml5qEDdSGa"},"pressedSprite":{"__uuid__":"e97GVMl6JHh5Ml5qEDdSGa"},"_N$hoverSprite":{"__uuid__":"e97GVMl6JHh5Ml5qEDdSGa"},"hoverSprite":{"__uuid__":"e97GVMl6JHh5Ml5qEDdSGa"},"_N$disabledSprite":{"__uuid__":"29FYIk+N1GYaeWH/q1NxQO"},"_N$target":{"__id__":44}},{"__type__":"a171dSnCXFMRIqs1IWdvgWM","node":{"__id__":44},"pressedScale":0.85,"transDuration":0.1}],"_contentSize":{"__type__":"cc.Size","width":432,"height":155},"_trs":{"__type__":"TypedArray","ctor":"Float32Array","array":[282.70001220703125,-150,0,0,0,0,1,1,1,1]}},{"__type__":"cc.Node","_name":"update","_parent":{"__id__":2},"_children":[{"__id__":46},{"__id__":47}],"_components":[{"__type__":"cc.Widget","node":{"__id__":45},"alignMode":0,"_alignFlags":45}],"_contentSize":{"__type__":"cc.Size","width":1334,"height":750},"_trs":{"__type__":"TypedArray","ctor":"Float32Array","array":[0,0,0,0,0,0,1,1,1,1]}},{"__type__":"cc.Node","_name":"background_mask","_parent":{"__id__":45},"_components":[{"__type__":"cc.Sprite","node":{"__id__":46},"_materials":[{"__uuid__":"ecpdLyjvZBwrvm+cedCcQy"}],"_spriteFrame":{"__uuid__":"7dHU5gq6JI6IX4jjKPNOfM"},"_type":1,"_sizeMode":0},{"__type__":"cc.Widget","node":{"__id__":46},"alignMode":0,"_alignFlags":45,"_originalWidth":54,"_originalHeight":81}],"_opacity":207.315,"_contentSize":{"__type__":"cc.Size","width":1334,"height":750},"_trs":{"__type__":"TypedArray","ctor":"Float32Array","array":[0,0,0,0,0,0,1,1,1,1]}},{"__type__":"cc.Node","_name":"update_panel","_parent":{"__id__":45},"_children":[{"__id__":48},{"__id__":49},{"__id__":50},{"__id__":51},{"__id__":55},{"__id__":56},{"__id__":60},{"__id__":62},{"__id__":64},{"__id__":66},{"__id__":68},{"__id__":70},{"__id__":72}],"_components":[{"__type__":"cc.Sprite","node":{"__id__":47},"_materials":[{"__uuid__":"ecpdLyjvZBwrvm+cedCcQy"}],"_spriteFrame":{"__uuid__":"cafdc9UmpMhZcC61HpO52Z"},"_type":1,"_sizeMode":0},{"__id__":74}],"_contentSize":{"__type__":"cc.Size","width":800,"height":600},"_trs":{"__type__":"TypedArray","ctor":"Float32Array","array":[0,0,0,0,0,0,1,1,1,1]}},{"__type__":"cc.Node","_name":"close","_parent":{"__id__":47},"_components":[{"__type__":"cc.Sprite","node":{"__id__":48},"_materials":[{"__uuid__":"ecpdLyjvZBwrvm+cedCcQy"}],"_spriteFrame":{"__uuid__":"60NfrGUghOC76nYv+fsTOL"}}],"_contentSize":{"__type__":"cc.Size","width":33,"height":48},"_trs":{"__type__":"TypedArray","ctor":"Float32Array","array":[-356,265,0,0,0,0,1,1,1,1]}},{"__type__":"cc.Node","_name":"update_title","_parent":{"__id__":47},"_components":[{"__type__":"cc.Label","node":{"__id__":49},"_materials":[{"__uuid__":"ecpdLyjvZBwrvm+cedCcQy"}],"_useOriginalSize":false,"_string":"热更新信息","_N$string":"热更新信息","_N$horizontalAlign":1,"_N$verticalAlign":1}],"_contentSize":{"__type__":"cc.Size","width":200,"height":50.4},"_trs":{"__type__":"TypedArray","ctor":"Float32Array","array":[0,267,0,0,0,0,1,1,1,1]}},{"__type__":"cc.Node","_name":"label1","_parent":{"__id__":47},"_components":[{"__type__":"cc.Label","node":{"__id__":50},"_materials":[{"__uuid__":"ecpdLyjvZBwrvm+cedCcQy"}],"_useOriginalSize":false,"_string":"File","_N$string":"File","_N$horizontalAlign":1,"_N$verticalAlign":1,"_N$overflow":1}],"_contentSize":{"__type__":"cc.Size","width":150,"height":40},"_trs":{"__type__":"TypedArray","ctor":"Float32Array","array":[-260,150,0,0,0,0,1,1,1,1]}},{"__type__":"cc.Node","_name":"fileProgress","_parent":{"__id__":47},"_children":[{"__id__":52}],"_components":[{"__type__":"cc.Sprite","node":{"__id__":51},"_materials":[{"__uuid__":"ecpdLyjvZBwrvm+cedCcQy"}],"_spriteFrame":{"__uuid__":"02KoCrTN5Cyp4EiiN0XPE4"},"_type":1,"_sizeMode":0},{"__id__":54}],"_contentSize":{"__type__":"cc.Size","width":500,"height":40},"_trs":{"__type__":"TypedArray","ctor":"Float32Array","array":[80,150,0,0,0,0,1,1,1,1]}},{"__type__":"cc.Node","_name":"bar","_parent":{"__id__":51},"_components":[{"__id__":53}],"_contentSize":{"__type__":"cc.Size","width":250,"height":35},"_anchorPoint":{"__type__":"cc.Vec2","y":0.5},"_trs":{"__type__":"TypedArray","ctor":"Float32Array","array":[-250,1.7999999523162842,0,0,0,0,1,1,1,1]}},{"__type__":"cc.Sprite","node":{"__id__":52},"_materials":[{"__uuid__":"ecpdLyjvZBwrvm+cedCcQy"}],"_spriteFrame":{"__uuid__":"7dHU5gq6JI6IX4jjKPNOfM"},"_type":1,"_sizeMode":0},{"__type__":"cc.ProgressBar","node":{"__id__":51},"_N$totalLength":500,"_N$barSprite":{"__id__":53},"_N$progress":0.5},{"__type__":"cc.Node","_name":"label2","_parent":{"__id__":47},"_components":[{"__type__":"cc.Label","node":{"__id__":55},"_materials":[{"__uuid__":"ecpdLyjvZBwrvm+cedCcQy"}],"_useOriginalSize":false,"_string":"Byte","_N$string":"Byte","_N$horizontalAlign":1,"_N$verticalAlign":1,"_N$overflow":1}],"_contentSize":{"__type__":"cc.Size","width":150,"height":40},"_trs":{"__type__":"TypedArray","ctor":"Float32Array","array":[-260,40,0,0,0,0,1,1,1,1]}},{"__type__":"cc.Node","_name":"byteProgress","_parent":{"__id__":47},"_children":[{"__id__":57}],"_components":[{"__type__":"cc.Sprite","node":{"__id__":56},"_materials":[{"__uuid__":"ecpdLyjvZBwrvm+cedCcQy"}],"_spriteFrame":{"__uuid__":"02KoCrTN5Cyp4EiiN0XPE4"},"_type":1,"_sizeMode":0},{"__id__":59}],"_contentSize":{"__type__":"cc.Size","width":500,"height":40},"_trs":{"__type__":"TypedArray","ctor":"Float32Array","array":[80,40,0,0,0,0,1,1,1,1]}},{"__type__":"cc.Node","_name":"bar","_parent":{"__id__":56},"_components":[{"__id__":58}],"_contentSize":{"__type__":"cc.Size","width":250,"height":35},"_anchorPoint":{"__type__":"cc.Vec2","y":0.5},"_trs":{"__type__":"TypedArray","ctor":"Float32Array","array":[-250,1.7999999523162842,0,0,0,0,1,1,1,1]}},{"__type__":"cc.Sprite","node":{"__id__":57},"_materials":[{"__uuid__":"ecpdLyjvZBwrvm+cedCcQy"}],"_spriteFrame":{"__uuid__":"7dHU5gq6JI6IX4jjKPNOfM"},"_type":1,"_sizeMode":0},{"__type__":"cc.ProgressBar","node":{"__id__":56},"_N$totalLength":500,"_N$barSprite":{"__id__":58},"_N$progress":0.5},{"__type__":"cc.Node","_name":"info","_parent":{"__id__":47},"_components":[{"__id__":61}],"_contentSize":{"__type__":"cc.Size","width":600,"height":100},"_trs":{"__type__":"TypedArray","ctor":"Float32Array","array":[0,-111,0,0,0,0,1,1,1,1]}},{"__type__":"cc.Label","node":{"__id__":60},"_materials":[{"__uuid__":"ecpdLyjvZBwrvm+cedCcQy"}],"_useOriginalSize":false,"_string":"Infomations:","_N$string":"Infomations:","_fontSize":22,"_lineHeight":26,"_N$verticalAlign":1,"_N$overflow":1},{"__type__":"cc.Node","_name":"check_btn","_parent":{"__id__":47},"_children":[{"__id__":63}],"_components":[{"__type__":"cc.Widget","node":{"__id__":62},"alignMode":0},{"__type__":"cc.Sprite","node":{"__id__":62},"_materials":[{"__uuid__":"ecpdLyjvZBwrvm+cedCcQy"}],"_spriteFrame":{"__uuid__":"c0FGbqcoNPzrYVTueMd0rw"},"_type":1,"_sizeMode":0},{"__type__":"cc.Button","node":{"__id__":62},"clickEvents":[{"__type__":"cc.ClickEvent","target":{"__id__":2},"component":"HotUpdate","handler":"checkUpdate"}],"_N$pressedColor":{"__type__":"cc.Color","r":255,"g":255,"b":255},"pressedColor":{"__type__":"cc.Color","r":255,"g":255,"b":255},"_N$disabledColor":{"__type__":"cc.Color","r":255,"g":255,"b":255},"_N$normalSprite":{"__uuid__":"c0FGbqcoNPzrYVTueMd0rw"},"_N$pressedSprite":{"__uuid__":"e97GVMl6JHh5Ml5qEDdSGa"},"pressedSprite":{"__uuid__":"e97GVMl6JHh5Ml5qEDdSGa"},"_N$hoverSprite":{"__uuid__":"e97GVMl6JHh5Ml5qEDdSGa"},"hoverSprite":{"__uuid__":"e97GVMl6JHh5Ml5qEDdSGa"},"_N$disabledSprite":{"__uuid__":"29FYIk+N1GYaeWH/q1NxQO"},"_N$target":{"__id__":62}},{"__type__":"a171dSnCXFMRIqs1IWdvgWM","node":{"__id__":62},"pressedScale":0.8,"transDuration":0.1}],"_contentSize":{"__type__":"cc.Size","width":250,"height":100},"_trs":{"__type__":"TypedArray","ctor":"Float32Array","array":[-160,-220,0,0,0,0,1,1,1,1]}},{"__type__":"cc.Node","_name":"Label","_parent":{"__id__":62},"_components":[{"__type__":"cc.Label","node":{"__id__":63},"_materials":[{"__uuid__":"ecpdLyjvZBwrvm+cedCcQy"}],"_useOriginalSize":false,"_string":"检查更新","_N$string":"检查更新","_fontSize":30,"_N$horizontalAlign":1,"_N$verticalAlign":1}],"_color":{"__type__":"cc.Color"},"_contentSize":{"__type__":"cc.Size","width":120,"height":50.4},"_trs":{"__type__":"TypedArray","ctor":"Float32Array","array":[0,11,0,0,0,0,1,1,1,1]}},{"__type__":"cc.Node","_name":"update_btn","_parent":{"__id__":47},"_children":[{"__id__":65}],"_components":[{"__type__":"cc.Widget","node":{"__id__":64},"alignMode":0},{"__type__":"cc.Sprite","node":{"__id__":64},"_materials":[{"__uuid__":"ecpdLyjvZBwrvm+cedCcQy"}],"_spriteFrame":{"__uuid__":"c0FGbqcoNPzrYVTueMd0rw"},"_type":1,"_sizeMode":0},{"__type__":"cc.Button","node":{"__id__":64},"clickEvents":[{"__type__":"cc.ClickEvent","target":{"__id__":2},"component":"HotUpdate","handler":"hotUpdate"}],"_N$pressedColor":{"__type__":"cc.Color","r":255,"g":255,"b":255},"pressedColor":{"__type__":"cc.Color","r":255,"g":255,"b":255},"_N$disabledColor":{"__type__":"cc.Color","r":255,"g":255,"b":255},"_N$normalSprite":{"__uuid__":"c0FGbqcoNPzrYVTueMd0rw"},"_N$pressedSprite":{"__uuid__":"e97GVMl6JHh5Ml5qEDdSGa"},"pressedSprite":{"__uuid__":"e97GVMl6JHh5Ml5qEDdSGa"},"_N$hoverSprite":{"__uuid__":"e97GVMl6JHh5Ml5qEDdSGa"},"hoverSprite":{"__uuid__":"e97GVMl6JHh5Ml5qEDdSGa"},"_N$disabledSprite":{"__uuid__":"29FYIk+N1GYaeWH/q1NxQO"},"_N$target":{"__id__":64}},{"__type__":"a171dSnCXFMRIqs1IWdvgWM","node":{"__id__":64},"pressedScale":0.8,"transDuration":0.1}],"_contentSize":{"__type__":"cc.Size","width":250,"height":100},"_trs":{"__type__":"TypedArray","ctor":"Float32Array","array":[160,-220,0,0,0,0,1,1,1,1]}},{"__type__":"cc.Node","_name":"Label","_parent":{"__id__":64},"_components":[{"__type__":"cc.Label","node":{"__id__":65},"_materials":[{"__uuid__":"ecpdLyjvZBwrvm+cedCcQy"}],"_useOriginalSize":false,"_string":"立即更新","_N$string":"立即更新","_fontSize":30,"_enableWrapText":false,"_N$horizontalAlign":1,"_N$verticalAlign":1}],"_color":{"__type__":"cc.Color"},"_contentSize":{"__type__":"cc.Size","width":120,"height":50.4},"_trs":{"__type__":"TypedArray","ctor":"Float32Array","array":[0,11,0,0,0,0,1,1,1,1]}},{"__type__":"cc.Node","_name":"retry_btn","_parent":{"__id__":47},"_children":[{"__id__":67}],"_active":false,"_components":[{"__type__":"cc.Widget","node":{"__id__":66},"_wasAlignOnce":{},"isAlignOnce":{}},{"__type__":"cc.Sprite","node":{"__id__":66},"_spriteFrame":{"__uuid__":"c0FGbqcoNPzrYVTueMd0rw"},"_type":1,"_sizeMode":0},{"__type__":"cc.Button","node":{"__id__":66},"clickEvents":[{"__type__":"cc.ClickEvent","target":{"__id__":2},"component":"HotUpdate","handler":"retry"}],"_N$pressedColor":{"__type__":"cc.Color","r":255,"g":255,"b":255},"pressedColor":{"__type__":"cc.Color","r":255,"g":255,"b":255},"_N$disabledColor":{"__type__":"cc.Color","r":255,"g":255,"b":255},"_N$normalSprite":{"__uuid__":"c0FGbqcoNPzrYVTueMd0rw"},"_N$pressedSprite":{"__uuid__":"e97GVMl6JHh5Ml5qEDdSGa"},"pressedSprite":{"__uuid__":"e97GVMl6JHh5Ml5qEDdSGa"},"_N$hoverSprite":{"__uuid__":"e97GVMl6JHh5Ml5qEDdSGa"},"hoverSprite":{"__uuid__":"e97GVMl6JHh5Ml5qEDdSGa"},"_N$disabledSprite":{"__uuid__":"29FYIk+N1GYaeWH/q1NxQO"},"_N$target":{"__id__":66}},{"__type__":"a171dSnCXFMRIqs1IWdvgWM","node":{"__id__":66},"pressedScale":0.8,"transDuration":0.1}],"_contentSize":{"__type__":"cc.Size","width":250,"height":100},"_trs":{"__type__":"TypedArray","ctor":"Float32Array","array":[160,-220,0,0,0,0,1,1,1,1]}},{"__type__":"cc.Node","_name":"Label","_parent":{"__id__":66},"_components":[{"__type__":"cc.Label","node":{"__id__":67},"_useOriginalSize":false,"_string":"重试更新","_N$string":"重试更新","_fontSize":30,"_N$horizontalAlign":1,"_N$verticalAlign":1}],"_color":{"__type__":"cc.Color"},"_contentSize":{"__type__":"cc.Size","width":120,"height":40},"_trs":{"__type__":"TypedArray","ctor":"Float32Array","array":[0,11,0,0,0,0,1,1,1,1]}},{"__type__":"cc.Node","_name":"filep","_parent":{"__id__":47},"_components":[{"__id__":69}],"_contentSize":{"__type__":"cc.Size","width":150,"height":40},"_trs":{"__type__":"TypedArray","ctor":"Float32Array","array":[0,94,0,0,0,0,1,1,1,1]}},{"__type__":"cc.Label","node":{"__id__":68},"_materials":[{"__uuid__":"ecpdLyjvZBwrvm+cedCcQy"}],"_useOriginalSize":false,"_string":"/","_N$string":"/","_N$horizontalAlign":1,"_N$verticalAlign":1,"_N$overflow":1},{"__type__":"cc.Node","_name":"bytep","_parent":{"__id__":47},"_components":[{"__id__":71}],"_contentSize":{"__type__":"cc.Size","width":300,"height":40},"_trs":{"__type__":"TypedArray","ctor":"Float32Array","array":[0,-20,0,0,0,0,1,1,1,1]}},{"__type__":"cc.Label","node":{"__id__":70},"_materials":[{"__uuid__":"ecpdLyjvZBwrvm+cedCcQy"}],"_useOriginalSize":false,"_string":"/","_N$string":"/","_fontSize":28,"_N$horizontalAlign":1,"_N$verticalAlign":1,"_N$overflow":1},{"__type__":"cc.Node","_name":"update_btn","_parent":{"__id__":47},"_children":[{"__id__":73}],"_components":[{"__type__":"cc.Widget","node":{"__id__":72},"alignMode":0},{"__type__":"cc.Sprite","node":{"__id__":72},"_materials":[{"__uuid__":"ecpdLyjvZBwrvm+cedCcQy"}],"_spriteFrame":{"__uuid__":"c0FGbqcoNPzrYVTueMd0rw"},"_type":1,"_sizeMode":0},{"__type__":"cc.Button","node":{"__id__":72},"clickEvents":[{"__type__":"cc.ClickEvent","target":{"__id__":2},"component":"HotUpdate","handler":"loadCustomManifest"}],"_N$pressedColor":{"__type__":"cc.Color","r":255,"g":255,"b":255},"pressedColor":{"__type__":"cc.Color","r":255,"g":255,"b":255},"_N$disabledColor":{"__type__":"cc.Color","r":255,"g":255,"b":255},"_N$normalSprite":{"__uuid__":"c0FGbqcoNPzrYVTueMd0rw"},"_N$pressedSprite":{"__uuid__":"e97GVMl6JHh5Ml5qEDdSGa"},"pressedSprite":{"__uuid__":"e97GVMl6JHh5Ml5qEDdSGa"},"_N$hoverSprite":{"__uuid__":"e97GVMl6JHh5Ml5qEDdSGa"},"hoverSprite":{"__uuid__":"e97GVMl6JHh5Ml5qEDdSGa"},"_N$disabledSprite":{"__uuid__":"29FYIk+N1GYaeWH/q1NxQO"},"_N$target":{"__id__":72}},{"__type__":"a171dSnCXFMRIqs1IWdvgWM","node":{"__id__":72},"pressedScale":0.8,"transDuration":0.1}],"_contentSize":{"__type__":"cc.Size","width":200,"height":60},"_trs":{"__type__":"TypedArray","ctor":"Float32Array","array":[260,266,0,0,0,0,1,1,1,1]}},{"__type__":"cc.Node","_name":"Label","_parent":{"__id__":72},"_components":[{"__type__":"cc.Label","node":{"__id__":73},"_materials":[{"__uuid__":"ecpdLyjvZBwrvm+cedCcQy"}],"_useOriginalSize":false,"_string":"使用自定义配置","_N$string":"使用自定义配置","_fontSize":20,"_N$horizontalAlign":1,"_N$verticalAlign":1}],"_color":{"__type__":"cc.Color"},"_contentSize":{"__type__":"cc.Size","width":140,"height":50.4},"_trs":{"__type__":"TypedArray","ctor":"Float32Array","array":[0,4,0,0,0,0,1,1,1,1]}},{"__type__":"2db08jFZqNN+rw8vpeF4j70","node":{"__id__":47},"info":{"__id__":61},"fileProgress":{"__id__":54},"fileLabel":{"__id__":69},"byteProgress":{"__id__":59},"byteLabel":{"__id__":71},"close":{"__id__":48},"checkBtn":{"__id__":62},"retryBtn":{"__id__":66},"updateBtn":{"__id__":64}}],{"__type__":"cc.SpriteFrame","content":{"name":"button_jjc","texture":"3c7bi0hTJAN6AOuNPgATFY","rect":[0,0,433,160],"offset":[0,0],"originalSize":[433,160],"capInsets":[0,0,0,0]}},{"__type__":"cc.SpriteFrame","content":{"name":"bg_changjing","texture":"aeTiGIK3tCqYXhj7mHYAsE","rect":[0,0,1334,750],"offset":[0,0],"originalSize":[1334,750],"capInsets":[0,0,0,0]}},{"__type__":"cc.SpriteFrame","content":{"name":"rankinglist_title","texture":"cayvqF2OlHFrzbfrpFfkCc","rect":[0,0,128,32],"offset":[0,0],"originalSize":[128,32],"capInsets":[0,0,0,0]}},{"__type__":"cc.SpriteFrame","content":{"name":"button_orange","texture":"34Was2eCxMTorvcoCv+LJy","rect":[0,0,240,95],"offset":[0,0],"originalSize":[240,95],"capInsets":[0,0,0,0]}},{"__type__":"cc.SpriteFrame","content":{"name":"icon_rule","texture":"151fPw+WVMAJRb0sj67ni2","rect":[0,0,53,61],"offset":[0,0],"originalSize":[53,61],"capInsets":[0,0,0,0]}},{"__type__":"cc.SpriteFrame","content":{"name":"bg_rankinglist","texture":"70D6oXEaZGza611pALwmT4","rect":[0,0,504,144],"offset":[0,0],"originalSize":[504,144],"capInsets":[36,69,36,36]}},{"__type__":"cc.SpriteFrame","content":{"name":"bg_gold","texture":"4eBsfxcqxOTpDeaD4WkFFW","rect":[0,0,59,42],"offset":[0,0],"originalSize":[59,42],"capInsets":[20,0,20,0]}},{"__type__":"cc.SpriteFrame","content":{"name":"button_ksks","texture":"fczE2FatRJbZsz6nbmnaEy","rect":[0,0,433,155],"offset":[0,0],"originalSize":[433,155],"capInsets":[0,0,0,0]}},{"__type__":"cc.SpriteFrame","content":{"name":"default_btn_pressed","texture":"b4P/PCArtIdIH38t6mlw8Y","rect":[0,0,40,40],"offset":[0,0],"originalSize":[40,40],"capInsets":[12,12,12,12]}},{"__type__":"cc.SpriteFrame","content":{"name":"bg_icon","texture":"36tupz/0hDDqDHDl6N7+NB","rect":[0,0,84,64],"offset":[0,0],"originalSize":[84,64],"capInsets":[0,0,0,0]}},{"__type__":"cc.SpriteFrame","content":{"name":"default_btn_normal","texture":"e8Ueib+qJEhL6mXAHdnwbi","rect":[0,0,40,40],"offset":[0,0],"originalSize":[40,40],"capInsets":[12,12,12,12]}}]